Level	Rule Name	Subject	Property	Value
WARN	missing_xrefs	obo:HMDM_0000001	oboInOwl:hasDbXref	
WARN	missing_xrefs	obo:HMDM_0000002	oboInOwl:hasDbXref	
WARN	missing_xrefs	obo:HMDM_0000005	oboInOwl:hasDbXref	
WARN	missing_xrefs	obo:HMDM_0000006	oboInOwl:hasDbXref	
WARN	missing_xrefs	obo:HMDM_0000007	oboInOwl:hasDbXref	
WARN	missing_xrefs	obo:HMDM_0000008	oboInOwl:hasDbXref	
WARN	missing_xrefs	obo:HMDM_0000009	oboInOwl:hasDbXref	
WARN	missing_xrefs	obo:HMDM_0000010	oboInOwl:hasDbXref	
WARN	missing_xrefs	obo:HMDM_0000012	oboInOwl:hasDbXref	
WARN	missing_xrefs	obo:HMDM_0000015	oboInOwl:hasDbXref	
WARN	missing_xrefs	obo:HMDM_0000016	oboInOwl:hasDbXref	
WARN	missing_xrefs	obo:HMDM_0000018	oboInOwl:hasDbXref	
WARN	missing_xrefs	obo:HMDM_0000019	oboInOwl:hasDbXref	
WARN	missing_xrefs	obo:HMDM_0000020	oboInOwl:hasDbXref	
WARN	missing_xrefs	obo:HMDM_0000021	oboInOwl:hasDbXref	
WARN	missing_xrefs	obo:HMDM_0000022	oboInOwl:hasDbXref	
WARN	missing_xrefs	obo:HMDM_0000023	oboInOwl:hasDbXref	
WARN	missing_xrefs	obo:HMDM_0000025	oboInOwl:hasDbXref	
WARN	missing_xrefs	obo:HMDM_0000032	oboInOwl:hasDbXref	
WARN	missing_xrefs	obo:HMDM_0000035	oboInOwl:hasDbXref	
WARN	missing_xrefs	obo:HMDM_0000037	oboInOwl:hasDbXref	
WARN	missing_xrefs	obo:HMDM_0000049	oboInOwl:hasDbXref	
WARN	missing_xrefs	obo:HMDM_0000050	oboInOwl:hasDbXref	
WARN	missing_xrefs	obo:HMDM_0000068	oboInOwl:hasDbXref	
WARN	missing_xrefs	obo:HMDM_0000073	oboInOwl:hasDbXref	
WARN	missing_xrefs	obo:HMDM_0000074	oboInOwl:hasDbXref	
WARN	missing_xrefs	obo:HMDM_0000076	oboInOwl:hasDbXref	
WARN	missing_xrefs	obo:HMDM_0000077	oboInOwl:hasDbXref	
WARN	missing_xrefs	obo:HMDM_0000078	oboInOwl:hasDbXref	
WARN	missing_xrefs	obo:HMDM_0000081	oboInOwl:hasDbXref	
WARN	missing_xrefs	obo:HMDM_0000089	oboInOwl:hasDbXref	
WARN	missing_xrefs	obo:HMDM_0000090	oboInOwl:hasDbXref	
WARN	missing_xrefs	obo:HMDM_0000091	oboInOwl:hasDbXref	
WARN	missing_xrefs	obo:HMDM_0000092	oboInOwl:hasDbXref	
WARN	missing_xrefs	obo:HMDM_0000094	oboInOwl:hasDbXref	
WARN	missing_xrefs	obo:HMDM_0000095	oboInOwl:hasDbXref	
WARN	missing_xrefs	obo:HMDM_0000097	oboInOwl:hasDbXref	
WARN	missing_xrefs	obo:HMDM_0000098	oboInOwl:hasDbXref	
WARN	missing_xrefs	obo:HMDM_0000099	oboInOwl:hasDbXref	
WARN	missing_xrefs	obo:HMDM_0000108	oboInOwl:hasDbXref	
WARN	missing_xrefs	obo:HMDM_0000125	oboInOwl:hasDbXref	
WARN	missing_xrefs	obo:HMDM_0000126	oboInOwl:hasDbXref	
WARN	missing_xrefs	obo:HMDM_0000128	oboInOwl:hasDbXref	
WARN	missing_xrefs	obo:HMDM_0000142	oboInOwl:hasDbXref	
WARN	missing_xrefs	obo:HMDM_0000147	oboInOwl:hasDbXref	
WARN	missing_xrefs	obo:HMDM_0000150	oboInOwl:hasDbXref	
WARN	missing_xrefs	obo:HMDM_0000151	oboInOwl:hasDbXref	
WARN	missing_xrefs	obo:HMDM_0000153	oboInOwl:hasDbXref	
WARN	missing_xrefs	obo:HMDM_0000164	oboInOwl:hasDbXref	
WARN	missing_xrefs	obo:HMDM_0000168	oboInOwl:hasDbXref	
WARN	missing_xrefs	obo:HMDM_0000210	oboInOwl:hasDbXref	
WARN	missing_xrefs	obo:HMDM_0000211	oboInOwl:hasDbXref	
WARN	missing_xrefs	obo:HMDM_0000213	oboInOwl:hasDbXref	
WARN	missing_xrefs	obo:HMDM_0000214	oboInOwl:hasDbXref	
WARN	missing_xrefs	obo:HMDM_0000215	oboInOwl:hasDbXref	
WARN	missing_xrefs	obo:HMDM_0000216	oboInOwl:hasDbXref	
WARN	missing_xrefs	obo:HMDM_0000217	oboInOwl:hasDbXref	
WARN	missing_xrefs	obo:HMDM_0000218	oboInOwl:hasDbXref	
WARN	missing_xrefs	obo:HMDM_0000219	oboInOwl:hasDbXref	
WARN	missing_xrefs	obo:HMDM_0000220	oboInOwl:hasDbXref	
WARN	missing_xrefs	obo:HMDM_0000221	oboInOwl:hasDbXref	
WARN	missing_xrefs	obo:HMDM_0000222	oboInOwl:hasDbXref	
WARN	missing_xrefs	obo:HMDM_0000223	oboInOwl:hasDbXref	
WARN	missing_xrefs	obo:HMDM_0000224	oboInOwl:hasDbXref	
WARN	missing_xrefs	obo:HMDM_0000225	oboInOwl:hasDbXref	
WARN	missing_xrefs	obo:HMDM_0000226	oboInOwl:hasDbXref	
WARN	missing_xrefs	obo:HMDM_0000227	oboInOwl:hasDbXref	
WARN	missing_xrefs	obo:HMDM_0000228	oboInOwl:hasDbXref	
WARN	missing_xrefs	obo:HMDM_0000229	oboInOwl:hasDbXref	
WARN	missing_xrefs	obo:HMDM_0000230	oboInOwl:hasDbXref	
WARN	missing_xrefs	obo:HMDM_0000231	oboInOwl:hasDbXref	
WARN	missing_xrefs	obo:HMDM_0000232	oboInOwl:hasDbXref	
WARN	missing_xrefs	obo:HMDM_0000233	oboInOwl:hasDbXref	
WARN	missing_xrefs	obo:HMDM_0000234	oboInOwl:hasDbXref	
WARN	missing_xrefs	obo:HMDM_0000235	oboInOwl:hasDbXref	
WARN	missing_xrefs	obo:HMDM_0000236	oboInOwl:hasDbXref	
WARN	missing_xrefs	obo:HMDM_0000237	oboInOwl:hasDbXref	
WARN	missing_xrefs	obo:HMDM_0000238	oboInOwl:hasDbXref	
WARN	missing_xrefs	obo:HMDM_0000239	oboInOwl:hasDbXref	
WARN	missing_xrefs	obo:HMDM_0000240	oboInOwl:hasDbXref	
WARN	missing_xrefs	obo:HMDM_0000261	oboInOwl:hasDbXref	
WARN	missing_xrefs	obo:HMDM_0000264	oboInOwl:hasDbXref	
WARN	missing_xrefs	obo:HMDM_0000265	oboInOwl:hasDbXref	
WARN	missing_xrefs	obo:HMDM_0000266	oboInOwl:hasDbXref	
WARN	missing_xrefs	obo:HMDM_0000269	oboInOwl:hasDbXref	
WARN	missing_xrefs	obo:HMDM_0000270	oboInOwl:hasDbXref	
WARN	missing_xrefs	obo:HMDM_0000271	oboInOwl:hasDbXref	
WARN	missing_xrefs	obo:HMDM_0000272	oboInOwl:hasDbXref	
WARN	missing_xrefs	obo:HMDM_0000274	oboInOwl:hasDbXref	
WARN	missing_xrefs	obo:HMDM_0000279	oboInOwl:hasDbXref	
WARN	missing_xrefs	obo:HMDM_0000280	oboInOwl:hasDbXref	
WARN	missing_xrefs	obo:HMDM_0000281	oboInOwl:hasDbXref	
WARN	missing_xrefs	obo:HMDM_0000284	oboInOwl:hasDbXref	
WARN	missing_xrefs	obo:HMDM_0000289	oboInOwl:hasDbXref	
WARN	missing_xrefs	obo:HMDM_0000296	oboInOwl:hasDbXref	
WARN	missing_xrefs	obo:HMDM_0000308	oboInOwl:hasDbXref	
WARN	missing_xrefs	obo:HMDM_0000314	oboInOwl:hasDbXref	
WARN	missing_xrefs	obo:HMDM_0000315	oboInOwl:hasDbXref	
WARN	missing_xrefs	obo:HMDM_0000321	oboInOwl:hasDbXref	
WARN	missing_xrefs	obo:HMDM_0000323	oboInOwl:hasDbXref	
WARN	missing_xrefs	obo:HMDM_0000326	oboInOwl:hasDbXref	
WARN	missing_xrefs	obo:HMDM_0000330	oboInOwl:hasDbXref	
WARN	missing_xrefs	obo:HMDM_0000334	oboInOwl:hasDbXref	
WARN	missing_xrefs	obo:HMDM_0000337	oboInOwl:hasDbXref	
WARN	missing_xrefs	obo:HMDM_0000340	oboInOwl:hasDbXref	
WARN	missing_xrefs	obo:HMDM_0000342	oboInOwl:hasDbXref	
WARN	missing_xrefs	obo:HMDM_0000345	oboInOwl:hasDbXref	
WARN	missing_xrefs	obo:HMDM_0000348	oboInOwl:hasDbXref	
WARN	missing_xrefs	obo:HMDM_0000351	oboInOwl:hasDbXref	
WARN	missing_xrefs	obo:HMDM_0000354	oboInOwl:hasDbXref	
WARN	missing_xrefs	obo:HMDM_0000357	oboInOwl:hasDbXref	
WARN	missing_xrefs	obo:HMDM_0000360	oboInOwl:hasDbXref	
WARN	missing_xrefs	obo:HMDM_0000364	oboInOwl:hasDbXref	
WARN	missing_xrefs	obo:HMDM_0000368	oboInOwl:hasDbXref	
WARN	missing_xrefs	obo:HMDM_0000371	oboInOwl:hasDbXref	
WARN	missing_xrefs	obo:HMDM_0000374	oboInOwl:hasDbXref	
WARN	missing_xrefs	obo:HMDM_0000378	oboInOwl:hasDbXref	
WARN	missing_xrefs	obo:HMDM_0000382	oboInOwl:hasDbXref	
WARN	missing_xrefs	obo:HMDM_0000386	oboInOwl:hasDbXref	
WARN	missing_xrefs	obo:HMDM_0000390	oboInOwl:hasDbXref	
WARN	missing_xrefs	obo:HMDM_0000394	oboInOwl:hasDbXref	
WARN	missing_xrefs	obo:HMDM_0000398	oboInOwl:hasDbXref	
WARN	missing_xrefs	obo:HMDM_0000402	oboInOwl:hasDbXref	
WARN	missing_xrefs	obo:HMDM_0000406	oboInOwl:hasDbXref	
WARN	missing_xrefs	obo:HMDM_0000409	oboInOwl:hasDbXref	
WARN	missing_xrefs	obo:HMDM_0000413	oboInOwl:hasDbXref	
WARN	missing_xrefs	obo:HMDM_0000416	oboInOwl:hasDbXref	
WARN	missing_xrefs	obo:HMDM_0000420	oboInOwl:hasDbXref	
WARN	missing_xrefs	obo:HMDM_0000424	oboInOwl:hasDbXref	
WARN	missing_xrefs	obo:HMDM_0000428	oboInOwl:hasDbXref	
WARN	missing_xrefs	obo:HMDM_0000431	oboInOwl:hasDbXref	
WARN	missing_xrefs	obo:HMDM_0000435	oboInOwl:hasDbXref	
WARN	missing_xrefs	obo:HMDM_0000439	oboInOwl:hasDbXref	
WARN	missing_xrefs	obo:HMDM_0000443	oboInOwl:hasDbXref	
WARN	missing_xrefs	obo:HMDM_0000447	oboInOwl:hasDbXref	
WARN	missing_xrefs	obo:HMDM_0000451	oboInOwl:hasDbXref	
WARN	missing_xrefs	obo:HMDM_0000454	oboInOwl:hasDbXref	
WARN	missing_xrefs	obo:HMDM_0000458	oboInOwl:hasDbXref	
WARN	missing_xrefs	obo:HMDM_0000460	oboInOwl:hasDbXref	
WARN	missing_xrefs	obo:HMDM_0000462	oboInOwl:hasDbXref	
WARN	missing_xrefs	obo:HMDM_0000466	oboInOwl:hasDbXref	
WARN	missing_xrefs	obo:HMDM_0000467	oboInOwl:hasDbXref	
WARN	missing_xrefs	obo:HMDM_0000473	oboInOwl:hasDbXref	
WARN	missing_xrefs	obo:HMDM_0000482	oboInOwl:hasDbXref	
WARN	missing_xrefs	obo:HMDM_0000486	oboInOwl:hasDbXref	
WARN	missing_xrefs	obo:HMDM_0000487	oboInOwl:hasDbXref	
WARN	missing_xrefs	obo:HMDM_0000488	oboInOwl:hasDbXref	
WARN	missing_xrefs	obo:HMDM_0000489	oboInOwl:hasDbXref	
WARN	missing_xrefs	obo:HMDM_0000490	oboInOwl:hasDbXref	
WARN	missing_xrefs	obo:HMDM_0000491	oboInOwl:hasDbXref	
WARN	missing_xrefs	obo:HMDM_0000493	oboInOwl:hasDbXref	
WARN	missing_xrefs	obo:HMDM_0000494	oboInOwl:hasDbXref	
WARN	missing_xrefs	obo:HMDM_0000495	oboInOwl:hasDbXref	
WARN	missing_xrefs	obo:HMDM_0000496	oboInOwl:hasDbXref	
WARN	missing_xrefs	obo:HMDM_0000497	oboInOwl:hasDbXref	
WARN	missing_xrefs	obo:HMDM_0000499	oboInOwl:hasDbXref	
WARN	missing_xrefs	obo:HMDM_0000501	oboInOwl:hasDbXref	
WARN	missing_xrefs	obo:HMDM_0000503	oboInOwl:hasDbXref	
WARN	missing_xrefs	obo:HMDM_0000707	oboInOwl:hasDbXref	
WARN	missing_xrefs	obo:HMDM_0000708	oboInOwl:hasDbXref	
WARN	missing_xrefs	obo:HMDM_0000777	oboInOwl:hasDbXref	
WARN	missing_xrefs	obo:HMDM_0000782	oboInOwl:hasDbXref	
WARN	missing_xrefs	obo:HMDM_0000783	oboInOwl:hasDbXref	
WARN	missing_xrefs	obo:HMDM_0000784	oboInOwl:hasDbXref	
WARN	missing_xrefs	obo:HMDM_0000785	oboInOwl:hasDbXref	
WARN	missing_xrefs	obo:HMDM_0000787	oboInOwl:hasDbXref	
WARN	missing_xrefs	obo:HMDM_0000789	oboInOwl:hasDbXref	
WARN	missing_xrefs	obo:HMDM_0000790	oboInOwl:hasDbXref	
WARN	missing_xrefs	obo:HMDM_0000791	oboInOwl:hasDbXref	
WARN	missing_xrefs	obo:HMDM_0000792	oboInOwl:hasDbXref	
WARN	missing_xrefs	obo:HMDM_0000793	oboInOwl:hasDbXref	
WARN	missing_xrefs	obo:HMDM_0000820	oboInOwl:hasDbXref	
WARN	missing_xrefs	obo:HMDM_0000824	oboInOwl:hasDbXref	
WARN	missing_xrefs	obo:HMDM_0000825	oboInOwl:hasDbXref	
WARN	missing_xrefs	obo:HMDM_0000830	oboInOwl:hasDbXref	
WARN	missing_xrefs	obo:HMDM_0000833	oboInOwl:hasDbXref	
WARN	missing_xrefs	obo:HMDM_0000834	oboInOwl:hasDbXref	
WARN	missing_xrefs	obo:HMDM_0000839	oboInOwl:hasDbXref	
WARN	missing_xrefs	obo:HMDM_0000843	oboInOwl:hasDbXref	
WARN	missing_xrefs	obo:HMDM_0000844	oboInOwl:hasDbXref	
WARN	missing_xrefs	obo:HMDM_0000845	oboInOwl:hasDbXref	
WARN	missing_xrefs	obo:HMDM_0000846	oboInOwl:hasDbXref	
WARN	missing_xrefs	obo:HMDM_0000847	oboInOwl:hasDbXref	
WARN	missing_xrefs	obo:HMDM_0000848	oboInOwl:hasDbXref	
WARN	missing_xrefs	obo:HMDM_0000881	oboInOwl:hasDbXref	
WARN	missing_xrefs	obo:HMDM_0000887	oboInOwl:hasDbXref	
WARN	missing_xrefs	obo:HMDM_0000896	oboInOwl:hasDbXref	
WARN	missing_xrefs	obo:HMDM_0000900	oboInOwl:hasDbXref	
WARN	missing_xrefs	obo:HMDM_0000901	oboInOwl:hasDbXref	
WARN	missing_xrefs	obo:HMDM_0000902	oboInOwl:hasDbXref	
WARN	missing_xrefs	obo:HMDM_0000907	oboInOwl:hasDbXref	
WARN	missing_xrefs	obo:HMDM_0000909	oboInOwl:hasDbXref	
WARN	missing_xrefs	obo:HMDM_0000910	oboInOwl:hasDbXref	
WARN	missing_xrefs	obo:HMDM_0000911	oboInOwl:hasDbXref	
WARN	missing_xrefs	obo:HMDM_0000912	oboInOwl:hasDbXref	
WARN	missing_xrefs	obo:HMDM_0000913	oboInOwl:hasDbXref	
WARN	missing_xrefs	obo:HMDM_0000914	oboInOwl:hasDbXref	
WARN	missing_xrefs	obo:HMDM_0000915	oboInOwl:hasDbXref	
WARN	missing_xrefs	obo:HMDM_0000916	oboInOwl:hasDbXref	
